date,period,channel,signups,free_trials,memberships,rewards_joined
2025-10-01,pre_campaign,TikTok,116,48,7,47
2025-10-01,pre_campaign,Instagram,58,31,8,15
2025-10-01,pre_campaign,YouTube,0,0,0,0
2025-10-01,pre_campaign,X,20,9,1,3
2025-10-01,pre_campaign,TV_Trailer,8,7,2,1
2025-10-01,pre_campaign,Website,0,0,0,0
2025-10-02,pre_campaign,TikTok,292,147,28,119
2025-10-02,pre_campaign,Instagram,0,0,0,0
2025-10-02,pre_campaign,YouTube,0,0,0,0
2025-10-02,pre_campaign,X,0,0,0,0
2025-10-02,pre_campaign,TV_Trailer,0,0,0,0
2025-10-02,pre_campaign,Website,0,0,0,0
2025-10-03,pre_campaign,TikTok,443,220,52,130
2025-10-03,pre_campaign,Instagram,172,91,18,46
2025-10-03,pre_campaign,YouTube,0,0,0,0
2025-10-03,pre_campaign,X,61,24,6,12
2025-10-03,pre_campaign,TV_Trailer,0,0,0,0
2025-10-03,pre_campaign,Website,0,0,0,0
2025-10-04,pre_campaign,TikTok,74,27,5,29
2025-10-04,pre_campaign,Instagram,0,0,0,0
2025-10-04,pre_campaign,YouTube,38,17,3,10
2025-10-04,pre_campaign,X,59,27,6,16
2025-10-04,pre_campaign,TV_Trailer,0,0,0,0
2025-10-04,pre_campaign,Website,0,0,0,0
2025-10-05,pre_campaign,TikTok,0,0,0,0
2025-10-05,pre_campaign,Instagram,50,33,14,16
2025-10-05,pre_campaign,YouTube,1,1,0,0
2025-10-05,pre_campaign,X,15,7,0,1
2025-10-05,pre_campaign,TV_Trailer,0,0,0,0
2025-10-05,pre_campaign,Website,0,0,0,0
2025-10-06,pre_campaign,TikTok,199,83,20,62
2025-10-06,pre_campaign,Instagram,0,0,0,0
2025-10-06,pre_campaign,YouTube,58,30,12,21
2025-10-06,pre_campaign,X,0,0,0,0
2025-10-06,pre_campaign,TV_Trailer,0,0,0,0
2025-10-06,pre_campaign,Website,0,0,0,0
2025-10-07,pre_campaign,TikTok,45,18,7,15
2025-10-07,pre_campaign,Instagram,426,242,72,139
2025-10-07,pre_campaign,YouTube,0,0,0,0
2025-10-07,pre_campaign,X,27,9,2,3
2025-10-07,pre_campaign,TV_Trailer,0,0,0,0
2025-10-07,pre_campaign,Website,0,0,0,0
2025-10-08,pre_campaign,TikTok,61,30,5,15
2025-10-08,pre_campaign,Instagram,141,68,19,42
2025-10-08,pre_campaign,YouTube,0,0,0,0
2025-10-08,pre_campaign,X,2,0,0,0
2025-10-08,pre_campaign,TV_Trailer,0,0,0,0
2025-10-08,pre_campaign,Website,0,0,0,0
2025-10-09,pre_campaign,TikTok,147,66,21,60
2025-10-09,pre_campaign,Instagram,46,27,6,16
2025-10-09,pre_campaign,YouTube,20,4,0,4
2025-10-09,pre_campaign,X,0,0,0,0
2025-10-09,pre_campaign,TV_Trailer,1,1,1,0
2025-10-09,pre_campaign,Website,0,0,0,0
2025-10-10,pre_campaign,TikTok,0,0,0,0
2025-10-10,pre_campaign,Instagram,62,31,10,21
2025-10-10,pre_campaign,YouTube,0,0,0,0
2025-10-10,pre_campaign,X,16,9,2,4
2025-10-10,pre_campaign,TV_Trailer,0,0,0,0
2025-10-10,pre_campaign,Website,0,0,0,0
2025-10-11,pre_campaign,TikTok,150,62,18,64
2025-10-11,pre_campaign,Instagram,76,38,13,32
2025-10-11,pre_campaign,YouTube,36,19,5,11
2025-10-11,pre_campaign,X,26,11,2,8
2025-10-11,pre_campaign,TV_Trailer,0,0,0,0
2025-10-11,pre_campaign,Website,0,0,0,0
2025-10-12,pre_campaign,TikTok,729,337,86,281
2025-10-12,pre_campaign,Instagram,77,36,11,20
2025-10-12,pre_campaign,YouTube,100,56,15,39
2025-10-12,pre_campaign,X,46,13,4,12
2025-10-12,pre_campaign,TV_Trailer,0,0,0,0
2025-10-12,pre_campaign,Website,0,0,0,0
2025-10-13,pre_campaign,TikTok,207,89,23,64
2025-10-13,pre_campaign,Instagram,179,82,19,61
2025-10-13,pre_campaign,YouTube,21,13,3,2
2025-10-13,pre_campaign,X,0,0,0,0
2025-10-13,pre_campaign,TV_Trailer,0,0,0,0
2025-10-13,pre_campaign,Website,0,0,0,0
2025-10-14,pre_campaign,TikTok,63,26,4,24
2025-10-14,pre_campaign,Instagram,269,143,43,95
2025-10-14,pre_campaign,YouTube,0,0,0,0
2025-10-14,pre_campaign,X,0,0,0,0
2025-10-14,pre_campaign,TV_Trailer,0,0,0,0
2025-10-14,pre_campaign,Website,0,0,0,0
2025-10-15,pre_campaign,TikTok,0,0,0,0
2025-10-15,pre_campaign,Instagram,0,0,0,0
2025-10-15,pre_campaign,YouTube,20,10,5,3
2025-10-15,pre_campaign,X,9,3,1,3
2025-10-15,pre_campaign,TV_Trailer,0,0,0,0
2025-10-15,pre_campaign,Website,82,46,16,41
2025-10-16,pre_campaign,TikTok,355,167,42,124
2025-10-16,pre_campaign,Instagram,110,59,12,36
2025-10-16,pre_campaign,YouTube,0,0,0,0
2025-10-16,pre_campaign,X,62,27,4,16
2025-10-16,pre_campaign,TV_Trailer,0,0,0,0
2025-10-16,pre_campaign,Website,119,76,30,43
2025-10-17,pre_campaign,TikTok,90,34,5,41
2025-10-17,pre_campaign,Instagram,83,41,7,30
2025-10-17,pre_campaign,YouTube,33,20,4,7
2025-10-17,pre_campaign,X,2,1,0,1
2025-10-17,pre_campaign,TV_Trailer,0,0,0,0
2025-10-17,pre_campaign,Website,282,172,72,99
2025-10-18,pre_campaign,TikTok,399,160,45,133
2025-10-18,pre_campaign,Instagram,0,0,0,0
2025-10-18,pre_campaign,YouTube,0,0,0,0
2025-10-18,pre_campaign,X,12,3,0,5
2025-10-18,pre_campaign,TV_Trailer,11,6,2,5
2025-10-18,pre_campaign,Website,0,0,0,0
2025-10-19,pre_campaign,TikTok,258,129,40,92
2025-10-19,pre_campaign,Instagram,86,48,17,25
2025-10-19,pre_campaign,YouTube,54,26,8,14
2025-10-19,pre_campaign,X,0,0,0,0
2025-10-19,pre_campaign,TV_Trailer,0,0,0,0
2025-10-19,pre_campaign,Website,0,0,0,0
2025-10-20,pre_campaign,TikTok,166,86,19,42
2025-10-20,pre_campaign,Instagram,284,136,45,111
2025-10-20,pre_campaign,YouTube,0,0,0,0
2025-10-20,pre_campaign,X,72,33,8,8
2025-10-20,pre_campaign,TV_Trailer,0,0,0,0
2025-10-20,pre_campaign,Website,0,0,0,0
2025-10-21,pre_campaign,TikTok,377,185,34,131
2025-10-21,pre_campaign,Instagram,0,0,0,0
2025-10-21,pre_campaign,YouTube,0,0,0,0
2025-10-21,pre_campaign,X,6,3,0,3
2025-10-21,pre_campaign,TV_Trailer,52,33,17,14
2025-10-21,pre_campaign,Website,0,0,0,0
2025-10-22,pre_campaign,TikTok,249,127,38,80
2025-10-22,pre_campaign,Instagram,156,75,22,49
2025-10-22,pre_campaign,YouTube,0,0,0,0
2025-10-22,pre_campaign,X,36,21,4,5
2025-10-22,pre_campaign,TV_Trailer,103,63,26,25
2025-10-22,pre_campaign,Website,293,187,64,119
2025-10-23,pre_campaign,TikTok,190,98,25,66
2025-10-23,pre_campaign,Instagram,202,115,29,53
2025-10-23,pre_campaign,YouTube,0,0,0,0
2025-10-23,pre_campaign,X,0,0,0,0
2025-10-23,pre_campaign,TV_Trailer,0,0,0,0
2025-10-23,pre_campaign,Website,0,0,0,0
2025-10-24,pre_campaign,TikTok,0,0,0,0
2025-10-24,pre_campaign,Instagram,0,0,0,0
2025-10-24,pre_campaign,YouTube,0,0,0,0
2025-10-24,pre_campaign,X,33,15,1,7
2025-10-24,pre_campaign,TV_Trailer,0,0,0,0
2025-10-24,pre_campaign,Website,0,0,0,0
2025-10-25,pre_campaign,TikTok,510,195,56,172
2025-10-25,pre_campaign,Instagram,0,0,0,0
2025-10-25,pre_campaign,YouTube,0,0,0,0
2025-10-25,pre_campaign,X,0,0,0,0
2025-10-25,pre_campaign,TV_Trailer,0,0,0,0
2025-10-25,pre_campaign,Website,0,0,0,0
2025-10-26,pre_campaign,TikTok,90,29,9,34
2025-10-26,pre_campaign,Instagram,0,0,0,0
2025-10-26,pre_campaign,YouTube,11,4,4,5
2025-10-26,pre_campaign,X,41,15,6,8
2025-10-26,pre_campaign,TV_Trailer,0,0,0,0
2025-10-26,pre_campaign,Website,0,0,0,0
2025-10-27,pre_campaign,TikTok,146,74,22,45
2025-10-27,pre_campaign,Instagram,166,89,24,56
2025-10-27,pre_campaign,YouTube,154,78,25,36
2025-10-27,pre_campaign,X,21,6,0,5
2025-10-27,pre_campaign,TV_Trailer,0,0,0,0
2025-10-27,pre_campaign,Website,0,0,0,0
2025-10-28,pre_campaign,TikTok,66,27,5,24
2025-10-28,pre_campaign,Instagram,139,80,26,39
2025-10-28,pre_campaign,YouTube,0,0,0,0
2025-10-28,pre_campaign,X,0,0,0,0
2025-10-28,pre_campaign,TV_Trailer,35,17,4,8
2025-10-28,pre_campaign,Website,0,0,0,0
2025-10-29,pre_campaign,TikTok,62,41,10,20
2025-10-29,pre_campaign,Instagram,0,0,0,0
2025-10-29,pre_campaign,YouTube,0,0,0,0
2025-10-29,pre_campaign,X,11,3,1,1
2025-10-29,pre_campaign,TV_Trailer,0,0,0,0
2025-10-29,pre_campaign,Website,0,0,0,0
2025-10-30,pre_campaign,TikTok,0,0,0,0
2025-10-30,pre_campaign,Instagram,0,0,0,0
2025-10-30,pre_campaign,YouTube,0,0,0,0
2025-10-30,pre_campaign,X,0,0,0,0
2025-10-30,pre_campaign,TV_Trailer,0,0,0,0
2025-10-30,pre_campaign,Website,0,0,0,0
2025-10-31,pre_campaign,TikTok,269,110,23,97
2025-10-31,pre_campaign,Instagram,0,0,0,0
2025-10-31,pre_campaign,YouTube,29,13,4,4
2025-10-31,pre_campaign,X,0,0,0,0
2025-10-31,pre_campaign,TV_Trailer,0,0,0,0
2025-10-31,pre_campaign,Website,0,0,0,0
2025-11-01,pre_campaign,TikTok,125,51,10,54
2025-11-01,pre_campaign,Instagram,131,70,22,56
2025-11-01,pre_campaign,YouTube,0,0,0,0
2025-11-01,pre_campaign,X,27,14,2,9
2025-11-01,pre_campaign,TV_Trailer,0,0,0,0
2025-11-01,pre_campaign,Website,159,108,37,61
2025-11-02,pre_campaign,TikTok,469,233,55,185
2025-11-02,pre_campaign,Instagram,40,19,9,15
2025-11-02,pre_campaign,YouTube,0,0,0,0
2025-11-02,pre_campaign,X,49,17,5,8
2025-11-02,pre_campaign,TV_Trailer,0,0,0,0
2025-11-02,pre_campaign,Website,0,0,0,0
2025-11-03,pre_campaign,TikTok,407,228,51,116
2025-11-03,pre_campaign,Instagram,169,83,21,58
2025-11-03,pre_campaign,YouTube,0,0,0,0
2025-11-03,pre_campaign,X,21,11,0,4
2025-11-03,pre_campaign,TV_Trailer,0,0,0,0
2025-11-03,pre_campaign,Website,0,0,0,0
2025-11-04,pre_campaign,TikTok,399,203,59,131
2025-11-04,pre_campaign,Instagram,380,195,62,114
2025-11-04,pre_campaign,YouTube,0,0,0,0
2025-11-04,pre_campaign,X,0,0,0,0
2025-11-04,pre_campaign,TV_Trailer,0,0,0,0
2025-11-04,pre_campaign,Website,0,0,0,0
2025-11-05,pre_campaign,TikTok,1319,598,151,413
2025-11-05,pre_campaign,Instagram,462,253,80,166
2025-11-05,pre_campaign,YouTube,0,0,0,0
2025-11-05,pre_campaign,X,0,0,0,0
2025-11-05,pre_campaign,TV_Trailer,19,12,5,8
2025-11-05,pre_campaign,Website,0,0,0,0
2025-11-06,pre_campaign,TikTok,391,174,51,162
2025-11-06,pre_campaign,Instagram,143,73,17,43
2025-11-06,pre_campaign,YouTube,0,0,0,0
2025-11-06,pre_campaign,X,30,13,1,4
2025-11-06,pre_campaign,TV_Trailer,0,0,0,0
2025-11-06,pre_campaign,Website,0,0,0,0
2025-11-07,pre_campaign,TikTok,752,378,97,294
2025-11-07,pre_campaign,Instagram,71,43,16,27
2025-11-07,pre_campaign,YouTube,0,0,0,0
2025-11-07,pre_campaign,X,19,9,2,4
2025-11-07,pre_campaign,TV_Trailer,0,0,0,0
2025-11-07,pre_campaign,Website,42,25,10,16
2025-11-08,pre_campaign,TikTok,2384,1073,262,829
2025-11-08,pre_campaign,Instagram,203,99,23,66
2025-11-08,pre_campaign,YouTube,0,0,0,0
2025-11-08,pre_campaign,X,18,6,2,2
2025-11-08,pre_campaign,TV_Trailer,0,0,0,0
2025-11-08,pre_campaign,Website,0,0,0,0
2025-11-09,pre_campaign,TikTok,777,353,95,254
2025-11-09,pre_campaign,Instagram,217,125,40,63
2025-11-09,pre_campaign,YouTube,0,0,0,0
2025-11-09,pre_campaign,X,19,12,3,5
2025-11-09,pre_campaign,TV_Trailer,0,0,0,0
2025-11-09,pre_campaign,Website,52,32,11,21
2025-11-10,pre_campaign,TikTok,1923,926,211,642
2025-11-10,pre_campaign,Instagram,174,74,16,52
2025-11-10,pre_campaign,YouTube,0,0,0,0
2025-11-10,pre_campaign,X,22,11,1,3
2025-11-10,pre_campaign,TV_Trailer,0,0,0,0
2025-11-10,pre_campaign,Website,0,0,0,0
2025-11-11,pre_campaign,TikTok,860,385,90,333
2025-11-11,pre_campaign,Instagram,211,107,33,69
2025-11-11,pre_campaign,YouTube,0,0,0,0
2025-11-11,pre_campaign,X,0,0,0,0
2025-11-11,pre_campaign,TV_Trailer,1,1,0,0
2025-11-11,pre_campaign,Website,0,0,0,0
2025-11-12,pre_campaign,TikTok,3060,1322,358,1002
2025-11-12,pre_campaign,Instagram,248,136,34,62
2025-11-12,pre_campaign,YouTube,0,0,0,0
2025-11-12,pre_campaign,X,53,32,7,9
2025-11-12,pre_campaign,TV_Trailer,0,0,0,0
2025-11-12,pre_campaign,Website,0,0,0,0
2025-11-13,pre_campaign,TikTok,2154,936,206,770
2025-11-13,pre_campaign,Instagram,570,266,94,168
2025-11-13,pre_campaign,YouTube,28,16,7,6
2025-11-13,pre_campaign,X,8,4,0,1
2025-11-13,pre_campaign,TV_Trailer,0,0,0,0
2025-11-13,pre_campaign,Website,0,0,0,0
2025-11-14,pre_campaign,TikTok,2145,908,243,815
2025-11-14,pre_campaign,Instagram,156,67,13,59
2025-11-14,pre_campaign,YouTube,0,0,0,0
2025-11-14,pre_campaign,X,19,10,1,5
2025-11-14,pre_campaign,TV_Trailer,0,0,0,0
2025-11-14,pre_campaign,Website,235,138,47,84
2025-11-15,campaign,TikTok,13203,6528,1597,4546
2025-11-15,campaign,Instagram,1642,887,265,464
2025-11-15,campaign,YouTube,155,78,25,31
2025-11-15,campaign,X,157,76,18,37
2025-11-15,campaign,TV_Trailer,0,0,0,0
2025-11-15,campaign,Website,188,119,39,69
2025-11-16,campaign,TikTok,24918,11179,2747,7899
2025-11-16,campaign,Instagram,90,48,19,34
2025-11-16,campaign,YouTube,0,0,0,0
2025-11-16,campaign,X,164,64,12,36
2025-11-16,campaign,TV_Trailer,0,0,0,0
2025-11-16,campaign,Website,278,167,69,109
2025-11-17,campaign,TikTok,14341,7154,2045,4323
2025-11-17,campaign,Instagram,1922,938,302,579
2025-11-17,campaign,YouTube,141,71,29,35
2025-11-17,campaign,X,140,64,21,21
2025-11-17,campaign,TV_Trailer,0,0,0,0
2025-11-17,campaign,Website,785,512,182,347
2025-11-18,campaign,TikTok,14300,6409,1445,4879
2025-11-18,campaign,Instagram,1302,761,231,454
2025-11-18,campaign,YouTube,466,239,79,118
2025-11-18,campaign,X,137,56,12,23
2025-11-18,campaign,TV_Trailer,0,0,0,0
2025-11-18,campaign,Website,537,343,113,228
2025-11-19,campaign,TikTok,12285,5307,1486,3964
2025-11-19,campaign,Instagram,1558,784,240,413
2025-11-19,campaign,YouTube,610,298,106,157
2025-11-19,campaign,X,234,93,24,54
2025-11-19,campaign,TV_Trailer,0,0,0,0
2025-11-19,campaign,Website,444,283,92,172
2025-11-20,campaign,TikTok,11652,5832,1694,3740
2025-11-20,campaign,Instagram,1174,623,206,405
2025-11-20,campaign,YouTube,383,192,71,99
2025-11-20,campaign,X,388,159,43,93
2025-11-20,campaign,TV_Trailer,0,0,0,0
2025-11-20,campaign,Website,0,0,0,0
2025-11-21,campaign,TikTok,12127,5166,1477,5050
2025-11-21,campaign,Instagram,1046,544,170,313
2025-11-21,campaign,YouTube,325,152,45,96
2025-11-21,campaign,X,229,109,29,44
2025-11-21,campaign,TV_Trailer,0,0,0,0
2025-11-21,campaign,Website,0,0,0,0
2025-11-22,campaign,TikTok,9910,4261,1046,3313
2025-11-22,campaign,Instagram,1152,582,166,431
2025-11-22,campaign,YouTube,0,0,0,0
2025-11-22,campaign,X,236,109,24,49
2025-11-22,campaign,TV_Trailer,186,111,41,32
2025-11-22,campaign,Website,609,400,161,294
2025-11-23,campaign,TikTok,5048,2321,545,1537
2025-11-23,campaign,Instagram,1019,595,160,323
2025-11-23,campaign,YouTube,0,0,0,0
2025-11-23,campaign,X,64,23,4,8
2025-11-23,campaign,TV_Trailer,0,0,0,0
2025-11-23,campaign,Website,395,235,84,159
2025-11-24,campaign,TikTok,4251,2097,602,1426
2025-11-24,campaign,Instagram,942,543,161,329
2025-11-24,campaign,YouTube,446,214,77,141
2025-11-24,campaign,X,229,109,24,42
2025-11-24,campaign,TV_Trailer,0,0,0,0
2025-11-24,campaign,Website,361,209,65,151
2025-11-25,campaign,TikTok,2833,1361,387,910
2025-11-25,campaign,Instagram,727,387,111,214
2025-11-25,campaign,YouTube,0,0,0,0
2025-11-25,campaign,X,9,4,2,3
2025-11-25,campaign,TV_Trailer,112,67,22,36
2025-11-25,campaign,Website,153,95,31,65
2025-11-26,campaign,TikTok,1357,681,232,450
2025-11-26,campaign,Instagram,899,488,147,350
2025-11-26,campaign,YouTube,687,334,99,199
2025-11-26,campaign,X,138,63,13,26
2025-11-26,campaign,TV_Trailer,56,36,12,19
2025-11-26,campaign,Website,265,163,56,107
2025-11-27,campaign,TikTok,999,471,126,295
2025-11-27,campaign,Instagram,1730,929,266,465
2025-11-27,campaign,YouTube,89,35,8,26
2025-11-27,campaign,X,301,133,37,60
2025-11-27,campaign,TV_Trailer,285,155,58,58
2025-11-27,campaign,Website,0,0,0,0
2025-11-28,campaign,TikTok,2134,1048,291,821
2025-11-28,campaign,Instagram,1481,808,230,470
2025-11-28,campaign,YouTube,0,0,0,0
2025-11-28,campaign,X,198,88,27,55
2025-11-28,campaign,TV_Trailer,0,0,0,0
2025-11-28,campaign,Website,1,1,0,0
2025-11-29,campaign,TikTok,2468,967,257,845
2025-11-29,campaign,Instagram,172,93,28,60
2025-11-29,campaign,YouTube,0,0,0,0
2025-11-29,campaign,X,42,17,6,8
2025-11-29,campaign,TV_Trailer,55,28,6,20
2025-11-29,campaign,Website,0,0,0,0
2025-11-30,campaign,TikTok,1718,833,204,585
2025-11-30,campaign,Instagram,1149,594,197,306
2025-11-30,campaign,YouTube,140,72,24,44
2025-11-30,campaign,X,8,4,2,2
2025-11-30,campaign,TV_Trailer,46,27,10,9
2025-11-30,campaign,Website,0,0,0,0
2025-12-01,campaign,TikTok,1599,725,173,516
2025-12-01,campaign,Instagram,165,94,28,48
2025-12-01,campaign,YouTube,0,0,0,0
2025-12-01,campaign,X,67,27,11,19
2025-12-01,campaign,TV_Trailer,0,0,0,0
2025-12-01,campaign,Website,0,0,0,0
2025-12-02,campaign,TikTok,1134,540,151,377
2025-12-02,campaign,Instagram,892,448,123,258
2025-12-02,campaign,YouTube,0,0,0,0
2025-12-02,campaign,X,116,50,19,23
2025-12-02,campaign,TV_Trailer,0,0,0,0
2025-12-02,campaign,Website,841,464,166,341
2025-12-03,campaign,TikTok,1959,970,269,672
2025-12-03,campaign,Instagram,401,192,57,97
2025-12-03,campaign,YouTube,42,28,6,12
2025-12-03,campaign,X,49,24,3,12
2025-12-03,campaign,TV_Trailer,65,39,10,11
2025-12-03,campaign,Website,1401,878,334,556
2025-12-04,campaign,TikTok,1224,551,191,378
2025-12-04,campaign,Instagram,336,180,49,103
2025-12-04,campaign,YouTube,0,0,0,0
2025-12-04,campaign,X,77,25,8,12
2025-12-04,campaign,TV_Trailer,170,99,38,38
2025-12-04,campaign,Website,336,200,67,133
2025-12-05,campaign,TikTok,1994,913,238,755
2025-12-05,campaign,Instagram,1120,513,152,396
2025-12-05,campaign,YouTube,0,0,0,0
2025-12-05,campaign,X,0,0,0,0
2025-12-05,campaign,TV_Trailer,0,0,0,0
2025-12-05,campaign,Website,389,238,85,143
2025-12-06,campaign,TikTok,860,368,94,323
2025-12-06,campaign,Instagram,836,425,150,244
2025-12-06,campaign,YouTube,0,0,0,0
2025-12-06,campaign,X,45,22,5,11
2025-12-06,campaign,TV_Trailer,0,0,0,0
2025-12-06,campaign,Website,635,401,150,261
2025-12-07,campaign,TikTok,1028,460,131,324
2025-12-07,campaign,Instagram,714,379,125,192
2025-12-07,campaign,YouTube,0,0,0,0
2025-12-07,campaign,X,105,62,14,33
2025-12-07,campaign,TV_Trailer,140,78,22,38
2025-12-07,campaign,Website,0,0,0,0
2025-12-08,campaign,TikTok,0,0,0,0
2025-12-08,campaign,Instagram,1783,981,302,556
2025-12-08,campaign,YouTube,54,31,7,16
2025-12-08,campaign,X,119,56,16,26
2025-12-08,campaign,TV_Trailer,60,34,16,16
2025-12-08,campaign,Website,0,0,0,0
2025-12-09,campaign,TikTok,1558,730,205,502
2025-12-09,campaign,Instagram,124,67,20,32
2025-12-09,campaign,YouTube,1,1,0,0
2025-12-09,campaign,X,0,0,0,0
2025-12-09,campaign,TV_Trailer,0,0,0,0
2025-12-09,campaign,Website,0,0,0,0
2025-12-10,campaign,TikTok,2032,927,255,646
2025-12-10,campaign,Instagram,1552,783,202,451
2025-12-10,campaign,YouTube,181,93,39,38
2025-12-10,campaign,X,24,9,0,1
2025-12-10,campaign,TV_Trailer,0,0,0,0
2025-12-10,campaign,Website,0,0,0,0
2025-12-11,campaign,TikTok,1372,660,189,464
2025-12-11,campaign,Instagram,790,400,100,273
2025-12-11,campaign,YouTube,0,0,0,0
2025-12-11,campaign,X,91,46,9,23
2025-12-11,campaign,TV_Trailer,0,0,0,0
2025-12-11,campaign,Website,0,0,0,0
2025-12-12,campaign,TikTok,1504,734,179,555
2025-12-12,campaign,Instagram,168,85,32,62
2025-12-12,campaign,YouTube,0,0,0,0
2025-12-12,campaign,X,26,12,3,6
2025-12-12,campaign,TV_Trailer,0,0,0,0
2025-12-12,campaign,Website,183,120,47,77
2025-12-13,campaign,TikTok,1406,704,170,557
2025-12-13,campaign,Instagram,0,0,0,0
2025-12-13,campaign,YouTube,302,163,53,83
2025-12-13,campaign,X,116,34,4,22
2025-12-13,campaign,TV_Trailer,45,31,13,10
2025-12-13,campaign,Website,1221,754,259,449
2025-12-14,campaign,TikTok,885,443,90,346
2025-12-14,campaign,Instagram,477,232,71,142
2025-12-14,campaign,YouTube,341,157,58,121
2025-12-14,campaign,X,161,74,24,37
2025-12-14,campaign,TV_Trailer,61,34,11,16
2025-12-14,campaign,Website,778,495,164,306
2025-12-15,campaign,TikTok,1172,619,180,422
2025-12-15,campaign,Instagram,0,0,0,0
2025-12-15,campaign,YouTube,76,39,15,23
2025-12-15,campaign,X,60,30,3,13
2025-12-15,campaign,TV_Trailer,0,0,0,0
2025-12-15,campaign,Website,539,339,127,201
2025-12-16,post_campaign,TikTok,1338,607,124,473
2025-12-16,post_campaign,Instagram,0,0,0,0
2025-12-16,post_campaign,YouTube,0,0,0,0
2025-12-16,post_campaign,X,40,23,7,7
2025-12-16,post_campaign,TV_Trailer,0,0,0,0
2025-12-16,post_campaign,Website,0,0,0,0
2025-12-17,post_campaign,TikTok,402,223,58,125
2025-12-17,post_campaign,Instagram,0,0,0,0
2025-12-17,post_campaign,YouTube,0,0,0,0
2025-12-17,post_campaign,X,36,11,2,7
2025-12-17,post_campaign,TV_Trailer,0,0,0,0
2025-12-17,post_campaign,Website,0,0,0,0
2025-12-18,post_campaign,TikTok,124,57,17,45
2025-12-18,post_campaign,Instagram,0,0,0,0
2025-12-18,post_campaign,YouTube,0,0,0,0
2025-12-18,post_campaign,X,0,0,0,0
2025-12-18,post_campaign,TV_Trailer,0,0,0,0
2025-12-18,post_campaign,Website,229,139,56,89
2025-12-19,post_campaign,TikTok,125,49,14,42
2025-12-19,post_campaign,Instagram,467,250,65,166
2025-12-19,post_campaign,YouTube,0,0,0,0
2025-12-19,post_campaign,X,0,0,0,0
2025-12-19,post_campaign,TV_Trailer,0,0,0,0
2025-12-19,post_campaign,Website,0,0,0,0
2025-12-20,post_campaign,TikTok,319,149,41,81
2025-12-20,post_campaign,Instagram,361,178,41,98
2025-12-20,post_campaign,YouTube,0,0,0,0
2025-12-20,post_campaign,X,82,38,11,25
2025-12-20,post_campaign,TV_Trailer,0,0,0,0
2025-12-20,post_campaign,Website,122,79,27,53
2025-12-21,post_campaign,TikTok,1315,575,122,484
2025-12-21,post_campaign,Instagram,0,0,0,0
2025-12-21,post_campaign,YouTube,0,0,0,0
2025-12-21,post_campaign,X,1,1,1,0
2025-12-21,post_campaign,TV_Trailer,0,0,0,0
2025-12-21,post_campaign,Website,0,0,0,0
2025-12-22,post_campaign,TikTok,0,0,0,0
2025-12-22,post_campaign,Instagram,0,0,0,0
2025-12-22,post_campaign,YouTube,0,0,0,0
2025-12-22,post_campaign,X,0,0,0,0
2025-12-22,post_campaign,TV_Trailer,0,0,0,0
2025-12-22,post_campaign,Website,0,0,0,0
2025-12-23,post_campaign,TikTok,1249,495,112,364
2025-12-23,post_campaign,Instagram,154,87,15,61
2025-12-23,post_campaign,YouTube,0,0,0,0
2025-12-23,post_campaign,X,0,0,0,0
2025-12-23,post_campaign,TV_Trailer,60,31,14,13
2025-12-23,post_campaign,Website,0,0,0,0
2025-12-24,post_campaign,TikTok,1552,723,158,578
2025-12-24,post_campaign,Instagram,184,97,25,63
2025-12-24,post_campaign,YouTube,124,62,17,37
2025-12-24,post_campaign,X,8,2,1,1
2025-12-24,post_campaign,TV_Trailer,0,0,0,0
2025-12-24,post_campaign,Website,0,0,0,0
2025-12-25,post_campaign,TikTok,867,398,103,388
2025-12-25,post_campaign,Instagram,0,0,0,0
2025-12-25,post_campaign,YouTube,0,0,0,0
2025-12-25,post_campaign,X,34,10,2,6
2025-12-25,post_campaign,TV_Trailer,0,0,0,0
2025-12-25,post_campaign,Website,0,0,0,0
2025-12-26,post_campaign,TikTok,445,220,51,156
2025-12-26,post_campaign,Instagram,86,55,15,22
2025-12-26,post_campaign,YouTube,0,0,0,0
2025-12-26,post_campaign,X,0,0,0,0
2025-12-26,post_campaign,TV_Trailer,0,0,0,0
2025-12-26,post_campaign,Website,0,0,0,0
2025-12-27,post_campaign,TikTok,679,304,76,253
2025-12-27,post_campaign,Instagram,105,56,15,31
2025-12-27,post_campaign,YouTube,0,0,0,0
2025-12-27,post_campaign,X,26,14,2,5
2025-12-27,post_campaign,TV_Trailer,1,1,0,0
2025-12-27,post_campaign,Website,0,0,0,0
2025-12-28,post_campaign,TikTok,621,297,69,224
2025-12-28,post_campaign,Instagram,467,249,79,160
2025-12-28,post_campaign,YouTube,0,0,0,0
2025-12-28,post_campaign,X,0,0,0,0
2025-12-28,post_campaign,TV_Trailer,0,0,0,0
2025-12-28,post_campaign,Website,0,0,0,0
2025-12-29,post_campaign,TikTok,420,196,40,155
2025-12-29,post_campaign,Instagram,136,80,24,41
2025-12-29,post_campaign,YouTube,0,0,0,0
2025-12-29,post_campaign,X,56,23,7,6
2025-12-29,post_campaign,TV_Trailer,0,0,0,0
2025-12-29,post_campaign,Website,0,0,0,0
2025-12-30,post_campaign,TikTok,558,232,57,206
2025-12-30,post_campaign,Instagram,0,0,0,0
2025-12-30,post_campaign,YouTube,0,0,0,0
2025-12-30,post_campaign,X,69,37,7,16
2025-12-30,post_campaign,TV_Trailer,0,0,0,0
2025-12-30,post_campaign,Website,0,0,0,0
2025-12-31,post_campaign,TikTok,884,415,108,350
2025-12-31,post_campaign,Instagram,0,0,0,0
2025-12-31,post_campaign,YouTube,0,0,0,0
2025-12-31,post_campaign,X,21,10,1,3
2025-12-31,post_campaign,TV_Trailer,0,0,0,0
2025-12-31,post_campaign,Website,0,0,0,0
2026-01-01,post_campaign,TikTok,1177,523,125,393
2026-01-01,post_campaign,Instagram,0,0,0,0
2026-01-01,post_campaign,YouTube,219,109,43,68
2026-01-01,post_campaign,X,15,7,1,5
2026-01-01,post_campaign,TV_Trailer,0,0,0,0
2026-01-01,post_campaign,Website,336,214,63,125
2026-01-02,post_campaign,TikTok,586,269,57,205
2026-01-02,post_campaign,Instagram,0,0,0,0
2026-01-02,post_campaign,YouTube,0,0,0,0
2026-01-02,post_campaign,X,0,0,0,0
2026-01-02,post_campaign,TV_Trailer,0,0,0,0
2026-01-02,post_campaign,Website,413,233,65,178
2026-01-03,post_campaign,TikTok,640,327,82,209
2026-01-03,post_campaign,Instagram,172,92,21,59
2026-01-03,post_campaign,YouTube,87,47,13,25
2026-01-03,post_campaign,X,86,36,12,24
2026-01-03,post_campaign,TV_Trailer,0,0,0,0
2026-01-03,post_campaign,Website,517,299,119,216
2026-01-04,post_campaign,TikTok,369,181,50,132
2026-01-04,post_campaign,Instagram,0,0,0,0
2026-01-04,post_campaign,YouTube,0,0,0,0
2026-01-04,post_campaign,X,0,0,0,0
2026-01-04,post_campaign,TV_Trailer,0,0,0,0
2026-01-04,post_campaign,Website,0,0,0,0
2026-01-05,post_campaign,TikTok,752,336,86,287
2026-01-05,post_campaign,Instagram,620,279,69,180
2026-01-05,post_campaign,YouTube,0,0,0,0
2026-01-05,post_campaign,X,0,0,0,0
2026-01-05,post_campaign,TV_Trailer,0,0,0,0
2026-01-05,post_campaign,Website,0,0,0,0
2026-01-06,post_campaign,TikTok,1110,492,109,364
2026-01-06,post_campaign,Instagram,85,47,10,32
2026-01-06,post_campaign,YouTube,0,0,0,0
2026-01-06,post_campaign,X,0,0,0,0
2026-01-06,post_campaign,TV_Trailer,0,0,0,0
2026-01-06,post_campaign,Website,1,0,0,0
2026-01-07,post_campaign,TikTok,1140,577,139,347
2026-01-07,post_campaign,Instagram,148,85,26,52
2026-01-07,post_campaign,YouTube,0,0,0,0
2026-01-07,post_campaign,X,21,8,4,6
2026-01-07,post_campaign,TV_Trailer,0,0,0,0
2026-01-07,post_campaign,Website,0,0,0,0
2026-01-08,post_campaign,TikTok,344,160,31,122
2026-01-08,post_campaign,Instagram,206,101,33,70
2026-01-08,post_campaign,YouTube,0,0,0,0
2026-01-08,post_campaign,X,74,24,3,24
2026-01-08,post_campaign,TV_Trailer,0,0,0,0
2026-01-08,post_campaign,Website,0,0,0,0
2026-01-09,post_campaign,TikTok,226,107,25,89
2026-01-09,post_campaign,Instagram,0,0,0,0
2026-01-09,post_campaign,YouTube,43,17,8,9
2026-01-09,post_campaign,X,28,11,4,5
2026-01-09,post_campaign,TV_Trailer,0,0,0,0
2026-01-09,post_campaign,Website,0,0,0,0
2026-01-10,post_campaign,TikTok,901,399,95,315
2026-01-10,post_campaign,Instagram,62,19,9,14
2026-01-10,post_campaign,YouTube,0,0,0,0
2026-01-10,post_campaign,X,0,0,0,0
2026-01-10,post_campaign,TV_Trailer,0,0,0,0
2026-01-10,post_campaign,Website,0,0,0,0
2026-01-11,post_campaign,TikTok,217,107,22,76
2026-01-11,post_campaign,Instagram,1,0,0,0
2026-01-11,post_campaign,YouTube,0,0,0,0
2026-01-11,post_campaign,X,0,0,0,0
2026-01-11,post_campaign,TV_Trailer,14,9,2,6
2026-01-11,post_campaign,Website,0,0,0,0
2026-01-12,post_campaign,TikTok,771,301,72,252
2026-01-12,post_campaign,Instagram,0,0,0,0
2026-01-12,post_campaign,YouTube,75,35,13,17
2026-01-12,post_campaign,X,32,14,3,4
2026-01-12,post_campaign,TV_Trailer,1,1,1,0
2026-01-12,post_campaign,Website,0,0,0,0
2026-01-13,post_campaign,TikTok,462,194,50,176
2026-01-13,post_campaign,Instagram,218,115,27,67
2026-01-13,post_campaign,YouTube,56,24,3,19
2026-01-13,post_campaign,X,0,0,0,0
2026-01-13,post_campaign,TV_Trailer,0,0,0,0
2026-01-13,post_campaign,Website,0,0,0,0
2026-01-14,post_campaign,TikTok,264,118,20,84
2026-01-14,post_campaign,Instagram,162,79,27,59
2026-01-14,post_campaign,YouTube,111,52,24,46
2026-01-14,post_campaign,X,28,10,0,6
2026-01-14,post_campaign,TV_Trailer,0,0,0,0
2026-01-14,post_campaign,Website,0,0,0,0
2026-01-15,post_campaign,TikTok,106,42,5,35
2026-01-15,post_campaign,Instagram,0,0,0,0
2026-01-15,post_campaign,YouTube,0,0,0,0
2026-01-15,post_campaign,X,38,13,4,9
2026-01-15,post_campaign,TV_Trailer,0,0,0,0
2026-01-15,post_campaign,Website,0,0,0,0
2026-01-16,post_campaign,TikTok,584,300,87,214
2026-01-16,post_campaign,Instagram,0,0,0,0
2026-01-16,post_campaign,YouTube,0,0,0,0
2026-01-16,post_campaign,X,38,22,5,7
2026-01-16,post_campaign,TV_Trailer,1,0,0,0
2026-01-16,post_campaign,Website,0,0,0,0
2026-01-17,post_campaign,TikTok,594,300,85,174
2026-01-17,post_campaign,Instagram,0,0,0,0
2026-01-17,post_campaign,YouTube,0,0,0,0
2026-01-17,post_campaign,X,20,8,2,5
2026-01-17,post_campaign,TV_Trailer,0,0,0,0
2026-01-17,post_campaign,Website,377,232,86,146
2026-01-18,post_campaign,TikTok,680,341,85,219
2026-01-18,post_campaign,Instagram,0,0,0,0
2026-01-18,post_campaign,YouTube,38,20,3,9
2026-01-18,post_campaign,X,0,0,0,0
2026-01-18,post_campaign,TV_Trailer,0,0,0,0
2026-01-18,post_campaign,Website,0,0,0,0
2026-01-19,post_campaign,TikTok,429,203,43,141
2026-01-19,post_campaign,Instagram,156,81,25,59
2026-01-19,post_campaign,YouTube,0,0,0,0
2026-01-19,post_campaign,X,48,16,3,11
2026-01-19,post_campaign,TV_Trailer,45,26,10,18
2026-01-19,post_campaign,Website,0,0,0,0
2026-01-20,post_campaign,TikTok,132,61,17,58
2026-01-20,post_campaign,Instagram,108,53,18,23
2026-01-20,post_campaign,YouTube,151,76,27,35
2026-01-20,post_campaign,X,17,7,1,1
2026-01-20,post_campaign,TV_Trailer,0,0,0,0
2026-01-20,post_campaign,Website,0,0,0,0
2026-01-21,post_campaign,TikTok,1097,530,119,446
2026-01-21,post_campaign,Instagram,385,208,59,124
2026-01-21,post_campaign,YouTube,0,0,0,0
2026-01-21,post_campaign,X,34,12,1,10
2026-01-21,post_campaign,TV_Trailer,0,0,0,0
2026-01-21,post_campaign,Website,0,0,0,0
2026-01-22,post_campaign,TikTok,839,394,114,304
2026-01-22,post_campaign,Instagram,579,278,81,159
2026-01-22,post_campaign,YouTube,0,0,0,0
2026-01-22,post_campaign,X,0,0,0,0
2026-01-22,post_campaign,TV_Trailer,0,0,0,0
2026-01-22,post_campaign,Website,0,0,0,0
2026-01-23,post_campaign,TikTok,193,97,33,61
2026-01-23,post_campaign,Instagram,179,89,26,62
2026-01-23,post_campaign,YouTube,35,22,9,8
2026-01-23,post_campaign,X,52,18,3,7
2026-01-23,post_campaign,TV_Trailer,0,0,0,0
2026-01-23,post_campaign,Website,0,0,0,0
2026-01-24,post_campaign,TikTok,1033,444,119,317
2026-01-24,post_campaign,Instagram,519,290,94,166
2026-01-24,post_campaign,YouTube,0,0,0,0
2026-01-24,post_campaign,X,2,1,0,0
2026-01-24,post_campaign,TV_Trailer,0,0,0,0
2026-01-24,post_campaign,Website,0,0,0,0
2026-01-25,post_campaign,TikTok,813,333,97,297
2026-01-25,post_campaign,Instagram,298,157,33,97
2026-01-25,post_campaign,YouTube,0,0,0,0
2026-01-25,post_campaign,X,5,4,0,0
2026-01-25,post_campaign,TV_Trailer,0,0,0,0
2026-01-25,post_campaign,Website,0,0,0,0
2026-01-26,post_campaign,TikTok,1130,507,108,445
2026-01-26,post_campaign,Instagram,227,123,36,56
2026-01-26,post_campaign,YouTube,2,1,0,0
2026-01-26,post_campaign,X,36,13,3,8
2026-01-26,post_campaign,TV_Trailer,0,0,0,0
2026-01-26,post_campaign,Website,0,0,0,0
2026-01-27,post_campaign,TikTok,644,248,75,222
2026-01-27,post_campaign,Instagram,0,0,0,0
2026-01-27,post_campaign,YouTube,0,0,0,0
2026-01-27,post_campaign,X,0,0,0,0
2026-01-27,post_campaign,TV_Trailer,0,0,0,0
2026-01-27,post_campaign,Website,0,0,0,0
2026-01-28,post_campaign,TikTok,179,73,14,68
2026-01-28,post_campaign,Instagram,325,145,44,121
2026-01-28,post_campaign,YouTube,180,86,22,60
2026-01-28,post_campaign,X,0,0,0,0
2026-01-28,post_campaign,TV_Trailer,5,1,1,1
2026-01-28,post_campaign,Website,537,308,104,206
2026-01-29,post_campaign,TikTok,837,348,96,288
2026-01-29,post_campaign,Instagram,195,84,26,57
2026-01-29,post_campaign,YouTube,0,0,0,0
2026-01-29,post_campaign,X,25,12,1,5
2026-01-29,post_campaign,TV_Trailer,24,17,6,7
2026-01-29,post_campaign,Website,0,0,0,0
2026-01-30,post_campaign,TikTok,667,310,57,226
2026-01-30,post_campaign,Instagram,245,123,29,70
2026-01-30,post_campaign,YouTube,0,0,0,0
2026-01-30,post_campaign,X,48,18,3,15
2026-01-30,post_campaign,TV_Trailer,0,0,0,0
2026-01-30,post_campaign,Website,0,0,0,0
2026-01-31,post_campaign,TikTok,705,257,64,184
2026-01-31,post_campaign,Instagram,128,67,19,42
2026-01-31,post_campaign,YouTube,0,0,0,0
2026-01-31,post_campaign,X,0,0,0,0
2026-01-31,post_campaign,TV_Trailer,0,0,0,0
2026-01-31,post_campaign,Website,0,0,0,0
